{
  "IcoMoonType": "selection",
  "icons": [
    {
      "icon": {
        "paths": [
          "M38.4 128c-0-42.415 34.385-76.8 76.8-76.8h921.6c42.415 0 76.8 34.385 76.8 76.8s-34.385 76.8-76.8 76.8h-921.6c-42.415 0-76.8-34.385-76.8-76.8h0zM38.4 512c0-42.415 34.385-76.8 76.8-76.8h921.6c42.415 0 76.8 34.385 76.8 76.8s-34.385 76.8-76.8 76.8h-921.6c-42.415 0-76.8-34.385-76.8-76.8l0 0zM38.4 896c0-42.415 34.385-76.8 76.8-76.8h921.6c42.415 0 76.8 34.385 76.8 76.8s-34.385 76.8-76.8 76.8l-921.6 0c-42.415 0-76.8-34.385-76.8-76.8l0-0z"
        ],
        "attrs": [
          {}
        ],
        "width": 1152,
        "isMulticolor": false,
        "isMulticolor2": false,
        "grid": 0,
        "tags": [
          "burger (1)"
        ]
      },
      "attrs": [
        {}
      ],
      "properties": {
        "order": 11,
        "id": 0,
        "name": "burger-1",
        "prevSize": 32
      },
      "setIdx": 0,
      "setId": 2,
      "iconIdx": 0
    }
  ],
  "height": 1024,
  "preferences": {
    "showGlyphs": true,
    "showQuickUse": true,
    "showQuickUse2": true,
    "showSVGs": true,
    "fontPref": {
      "prefix": "icon-",
      "metadata": {
        "fontFamily": "icomoon"
      },
      "metrics": {
        "emSize": 1024,
        "baseline": 6.25,
        "whitespace": 50
      },
      "embed": false
    },
    "imagePref": {
      "prefix": "icon-",
      "png": true,
      "useClassSelector": true,
      "color": 0,
      "bgColor": 16777215,
      "classSelector": ".icon",
      "name": "icomoon"
    },
    "historySize": 50,
    "showCodes": true,
    "gridSize": 16
  }
}